﻿<?xml version="1.0" encoding="utf-8"?>
<Project SchemaVersion="2.0.463.0">
  <Guid>86df5c6a-e6f1-4fa0-b6b9-54613d993769</Guid>
  <ProjectFiles>
    <ProjectFile Name="LicenseRootComponent.neo" ModifiedDate="2013-01-22T16:16:56.15625+08:00" Length="6829" />
    <ProjectFile Name="MultipleLanguages.neo" ModifiedDate="2013-01-24T10:55:13.875+08:00" Length="3245" />
    <ProjectFile Name="AlarmServer.neo" ModifiedDate="2013-01-22T16:16:53.515625+08:00" Length="902" />
    <ProjectFile Name="Tags.neo" ModifiedDate="2013-01-24T10:54:40.03125+08:00" Length="25728" />
    <ProjectFile Name="Tags.Script.cs" ModifiedDate="2013-01-24T10:54:40.03125+08:00" Length="1083" />
    <ProjectFile Name="Expressions.neo" ModifiedDate="2013-01-22T16:16:53.59375+08:00" Length="406" />
    <ProjectFile Name="ProjectImages.neo" ModifiedDate="2013-01-23T09:12:04.609375+08:00" Length="403" />
    <ProjectFile Name="Symbols\stop button a.gif" ModifiedDate="2013-01-23T09:11:58.671875+08:00" Length="4397" />
    <ProjectFile Name="Symbols\stop button b.gif" ModifiedDate="2013-01-23T09:11:58.84375+08:00" Length="4589" />
    <ProjectFile Name="Database.neo" ModifiedDate="2013-01-22T16:16:53.609375+08:00" Length="391" />
    <ProjectFile Name="ProjectConfiguration.neo" ModifiedDate="2013-01-22T16:16:53.640625+08:00" Length="6326" />
    <ProjectFile Name="Security.neo" ModifiedDate="2013-01-22T16:16:53.65625+08:00" Length="398" />
    <ProjectFile Name="Security.xml" ModifiedDate="2013-01-22T16:16:53.671875+08:00" Length="540" />
    <ProjectFile Name="FunctionKeys.neo" ModifiedDate="2013-01-24T09:32:08.109375+08:00" Length="22210" />
    <ProjectFile Name="FunctionKeys.Script.cs" ModifiedDate="2013-01-24T09:32:08.109375+08:00" Length="787" />
    <ProjectFile Name="TextLibrary.neo" ModifiedDate="2013-01-24T10:06:35.0625+08:00" Length="1011" />
    <ProjectFile Name="Screen1.neoxaml" ModifiedDate="2013-01-24T10:55:13.9375+08:00" Length="694" />
    <ProjectFile Name="Screen1.Script.cs" ModifiedDate="2013-01-24T10:55:13.9375+08:00" Length="867" />
    <ProjectFile Name="Screen1.xaml" ModifiedDate="2013-01-24T10:55:14.03125+08:00" Length="6516" />
    <ProjectFile Name="Screen2.neoxaml" ModifiedDate="2013-01-23T11:20:12.796875+08:00" Length="694" />
    <ProjectFile Name="Screen2.Script.cs" ModifiedDate="2013-01-23T11:20:12.796875+08:00" Length="782" />
    <ProjectFile Name="Screen2.xaml" ModifiedDate="2013-01-23T11:20:12.84375+08:00" Length="922" />
    <ProjectFile Name="Screen3.neoxaml" ModifiedDate="2013-01-24T09:32:08.53125+08:00" Length="694" />
    <ProjectFile Name="Screen3.xaml" ModifiedDate="2013-01-24T09:32:08.578125+08:00" Length="826" />
    <ProjectFile Name="Printer1.xml" ModifiedDate="2013-01-22T16:16:54.609375+08:00" Length="850" />
    <ProjectFile Name="B140.neo" ModifiedDate="2013-01-24T10:38:37.359375+08:00" Length="2973" />
    <ProjectFile Name="B1616.neo" ModifiedDate="2013-01-24T10:38:01.75+08:00" Length="7289" />
    <ProjectFile Name="Controller1.neo" ModifiedDate="2013-01-24T10:45:01.734375+08:00" Length="2970" />
    <ProjectFile Name="Controller2.neo" ModifiedDate="2013-01-24T10:48:59.96875+08:00" Length="2970" />
    <ProjectFile Name="Controller3.neo" ModifiedDate="2013-01-24T10:54:40.4375+08:00" Length="2970" />
    <ProjectFile Name="ScriptModule1.neo" ModifiedDate="2013-01-23T09:38:29.6875+08:00" Length="404" />
    <ProjectFile Name="ScriptModule1.Script.cs" ModifiedDate="2013-01-23T09:38:29.6875+08:00" Length="788" />
  </ProjectFiles>
</Project>