﻿<?xml version="1.0" encoding="utf-8"?>
<Security SchemaVersion="2.0.463.0">
  <SecurityGroups>
    <Group ID="Group_01" Name="Administrators" />
    <Group ID="Group_02" Name="Operators" />
  </SecurityGroups>
  <SecurityUsers>
    <User>
      <Username>Administrator</Username>
      <PasswordHash>OoMDty4A6yBaM9z7Qo7vCnMLZCU=</PasswordHash>
      <Description></Description>
      <Groups>
        <Group>Group_01</Group>
      </Groups>
      <IsErasable>False</IsErasable>
    </User>
  </SecurityUsers>
</Security>